{"stat.flyOneCm":31435,"stat.killEntity.Skeleton":3,"stat.deaths":1,"stat.walkOneCm":50079,"stat.drop":2,"stat.jump":76,"stat.playOneMinute":21239,"stat.killEntity.Witch":1,"achievement.openInventory":8,"stat.fallOneCm":12416,"stat.leaveGame":2,"stat.entityKilledBy.Skeleton":1,"stat.damageTaken":400,"stat.damageDealt":1050,"stat.crouchOneCm":2605,"stat.useItem.minecraft.wool":5,"stat.timeSinceDeath":8865,"stat.useItem.minecraft.written_book":4,"stat.useItem.minecraft.cooked_porkchop":2,"stat.sprintOneCm":25487,"stat.mobKills":4,"achievement.exploreAllBiomes":{"value":0,"progress":["Jungle","Forest","Plains"]},"stat.useItem.minecraft.diamond_sword":12}