{"stat.useItem.minecraft.bow":56,"stat.useItem.minecraft.mushroom_stew":15,"stat.useItem.minecraft.quartz_block":3,"stat.useItem.minecraft.iron_axe":155,"stat.leaveGame":7,"stat.mineBlock.minecraft.cobblestone":14,"stat.mineBlock.minecraft.slime":3,"stat.useItem.minecraft.skull":1,"stat.mineBlock.minecraft.sandstone":2,"stat.breakItem.minecraft.wooden_sword":2,"stat.mineBlock.minecraft.stained_glass_pane":3,"stat.mineBlock.minecraft.stained_glass":17,"stat.swimOneCm":7931,"stat.useItem.minecraft.planks":306,"stat.climbOneCm":21281,"stat.mineBlock.minecraft.web":62,"achievement.buildWorkBench":6,"stat.useItem.minecraft.dirt":42,"achievement.exploreAllBiomes":{"value":0,"progress":["Jungle","Ocean","River","Plains"]},"stat.useItem.minecraft.water_bucket":2,"stat.mineBlock.minecraft.stone_brick_stairs":5,"stat.craftItem.minecraft.iron_boots":2,"stat.craftItem.minecraft.stone_pickaxe":5,"stat.craftItem.minecraft.cooked_beef":4,"stat.killEntity.Enderman":2,"stat.craftItem.minecraft.bow":1,"stat.useItem.minecraft.stone_shovel":32,"stat.flyOneCm":520595,"achievement.buildPickaxe":10,"stat.mineBlock.minecraft.sand":20,"stat.killEntity.Witch":1,"stat.useItem.minecraft.cooked_beef":26,"stat.craftItem.minecraft.wooden_hoe":1,"achievement.buildBetterPickaxe":10,"stat.mineBlock.minecraft.iron_ore":45,"stat.timeSinceDeath":7836,"stat.useItem.minecraft.iron_pickaxe":45,"stat.killEntity.Bat":3,"achievement.breedCow":14,"stat.useItem.minecraft.lever":2,"stat.mineBlock.minecraft.coal_block":13,"stat.mineBlock.minecraft.vine":5,"stat.useItem.minecraft.cooked_porkchop":12,"stat.mineBlock.minecraft.coal_ore":66,"stat.killEntity.Creeper":13,"stat.mineBlock.minecraft.red_mushroom_block":11,"stat.mineBlock.minecraft.ladder":1,"stat.useItem.minecraft.milk_bucket":1,"stat.mineBlock.minecraft.redstone_lamp":1,"achievement.buildSword":8,"achievement.mineWood":80,"stat.useItem.minecraft.written_book":1,"stat.mineBlock.minecraft.stained_hardened_clay":40,"stat.sprintOneCm":509429,"stat.mineBlock.minecraft.stone_slab":1,"stat.useItem.minecraft.fence":1,"stat.craftItem.minecraft.stick":168,"achievement.openInventory":554,"stat.mineBlock.minecraft.diamond_ore":5,"stat.mineBlock.minecraft.fence":3,"stat.useItem.minecraft.wheat_seeds":57,"stat.mineBlock.minecraft.crafting_table":2,"stat.mineBlock.minecraft.quartz_block":24,"stat.useItem.minecraft.carrot":47,"stat.useItem.minecraft.dye":104,"stat.useItem.minecraft.bucket":8,"stat.entityKilledBy.Creeper":1,"achievement.killEnemy":143,"stat.mineBlock.minecraft.planks":41,"stat.deaths":3,"stat.drop":56,"stat.playOneMinute":294229,"stat.useItem.minecraft.wooden_sword":125,"stat.useItem.minecraft.ladder":6,"stat.craftItem.minecraft.iron_pickaxe":2,"stat.killEntity.Zombie":52,"stat.craftItem.minecraft.dye":114,"stat.killEntity.Guardian":4,"stat.mineBlock.minecraft.tallgrass":8,"stat.diveOneCm":113,"stat.craftItem.minecraft.slime_ball":27,"stat.craftItem.minecraft.sandstone":16,"stat.craftItem.minecraft.ladder":51,"stat.useItem.minecraft.quartz_stairs":2,"stat.craftItem.minecraft.cooked_porkchop":4,"stat.mineBlock.minecraft.anvil":3,"stat.useItem.minecraft.rotten_flesh":26,"stat.jump":4370,"stat.breakItem.minecraft.leather_helmet":1,"stat.useItem.minecraft.sand":32,"stat.useItem.minecraft.wooden_hoe":30,"stat.fallOneCm":72067,"stat.craftItem.minecraft.bread":11,"stat.crouchOneCm":354264,"achievement.killCow":12,"stat.mineBlock.minecraft.chest":3,"stat.craftItem.minecraft.torch":104,"stat.craftItem.minecraft.iron_ingot":99,"stat.craftItem.minecraft.chest":4,"stat.craftItem.minecraft.iron_helmet":2,"stat.mineBlock.minecraft.lever":2,"stat.breakItem.minecraft.leather_chestplate":1,"stat.damageTaken":5973,"stat.useItem.minecraft.stone_brick_stairs":2,"stat.mineBlock.minecraft.red_flower":1,"stat.mineBlock.minecraft.torch":17,"stat.mineBlock.minecraft.furnace":3,"stat.useItem.minecraft.furnace":3,"stat.breakItem.minecraft.leather_boots":1,"stat.craftItem.minecraft.wooden_sword":1,"stat.killEntity.CaveSpider":4,"stat.mineBlock.minecraft.gravel":28,"stat.useItem.minecraft.stone_pickaxe":499,"stat.mineBlock.minecraft.glass":1,"stat.useItem.minecraft.stone_sword":105,"stat.craftItem.minecraft.iron_leggings":4,"stat.damageDealt":40731,"stat.useItem.minecraft.wool":456,"stat.craftItem.minecraft.bowl":12,"stat.killEntity.Silverfish":22,"stat.killEntity.Cow":13,"stat.mineBlock.minecraft.dirt":44,"stat.useItem.minecraft.crafting_table":4,"stat.craftItem.minecraft.iron_sword":3,"stat.craftItem.minecraft.stone_shovel":1,"stat.mineBlock.minecraft.monster_egg":15,"stat.walkOneCm":1623486,"stat.useItem.minecraft.torch":62,"stat.useItem.minecraft.bread":11,"stat.animalsBred":32,"stat.playerKills":2,"stat.useItem.minecraft.chest":7,"stat.useItem.minecraft.tnt":3,"stat.useItem.minecraft.cobblestone":139,"stat.craftItem.minecraft.crafting_table":3,"stat.useItem.minecraft.gravel":3,"stat.useItem.minecraft.lava_bucket":6,"stat.breakItem.minecraft.stone_pickaxe":2,"stat.craftItem.minecraft.boat":1,"stat.craftItem.minecraft.wheat":63,"stat.craftItem.minecraft.iron_chestplate":3,"stat.mineBlock.minecraft.wool":325,"stat.useItem.minecraft.stained_hardened_clay":23,"stat.useItem.minecraft.leaves":64,"stat.mineBlock.minecraft.iron_block":2,"stat.useItem.minecraft.birch_door":1,"stat.killEntity.Skeleton":29,"stat.mineBlock.minecraft.tnt":9,"stat.craftItem.minecraft.bucket":1,"stat.mineBlock.minecraft.stonebrick":4,"stat.craftItem.minecraft.planks":376,"stat.useItem.minecraft.iron_sword":342,"stat.killEntity.Spider":41,"stat.mobKills":190,"stat.useItem.minecraft.stonebrick":6,"stat.mineBlock.minecraft.log":87,"stat.mineBlock.minecraft.bookshelf":3,"stat.craftItem.minecraft.shears":1,"stat.useItem.minecraft.boat":1,"stat.craftItem.minecraft.lead":4,"stat.mineBlock.minecraft.leaves":2,"stat.mineBlock.minecraft.hay_block":2,"stat.useItem.minecraft.wooden_axe":5,"stat.breakItem.minecraft.stone_sword":1,"stat.mineBlock.minecraft.jukebox":1,"stat.breakItem.minecraft.leather_leggings":1,"stat.mineBlock.minecraft.stone":255,"stat.useItem.minecraft.sandstone":47}