{"stat.walkOneCm":342275,"stat.useItem.minecraft.torch":27,"stat.animalsBred":1,"stat.useItem.minecraft.chest":1,"stat.useItem.minecraft.iron_axe":78,"stat.leaveGame":2,"stat.mineBlock.minecraft.cobblestone":8,"stat.craftItem.minecraft.crafting_table":1,"stat.useItem.minecraft.cooked_porkchop":9,"stat.mineBlock.minecraft.coal_ore":4,"stat.useItem.minecraft.diamond_sword":12,"stat.craftItem.minecraft.coal":7,"stat.mineBlock.minecraft.stained_glass_pane":1,"stat.mineBlock.minecraft.stained_glass":1,"stat.jump":874,"stat.swimOneCm":1098,"stat.craftItem.minecraft.wheat":9,"stat.fallOneCm":34091,"stat.useItem.minecraft.planks":14,"stat.climbOneCm":3686,"stat.entityKilledBy.Skeleton":1,"achievement.buildWorkBench":2,"stat.crouchOneCm":53175,"stat.mineBlock.minecraft.wool":114,"stat.mineBlock.minecraft.chest":1,"stat.useItem.minecraft.written_book":4,"achievement.mineWood":21,"stat.craftItem.minecraft.torch":44,"stat.useItem.minecraft.stained_hardened_clay":1,"stat.useItem.minecraft.trapdoor":3,"stat.useItem.minecraft.dirt":2,"stat.mineBlock.minecraft.stained_hardened_clay":2,"stat.useItem.minecraft.cookie":3,"stat.sprintOneCm":138202,"achievement.exploreAllBiomes":{"value":0,"progress":["Jungle","Forest","Plains"]},"stat.craftItem.minecraft.stick":16,"stat.killEntity.Skeleton":7,"stat.craftItem.minecraft.furnace":1,"stat.mineBlock.minecraft.tnt":1,"stat.useItem.minecraft.bed":2,"achievement.openInventory":68,"stat.craftItem.minecraft.planks":48,"stat.damageTaken":1515,"stat.mineBlock.minecraft.crafting_table":1,"stat.killEntity.Spider":1,"stat.craftItem.minecraft.trapdoor":2,"stat.craftItem.minecraft.wooden_button":1,"stat.mineBlock.minecraft.torch":1,"stat.useItem.minecraft.wooden_pickaxe":21,"stat.useItem.minecraft.furnace":1,"stat.mobKills":19,"stat.mineBlock.minecraft.carpet":2,"stat.mineBlock.minecraft.log":19,"stat.entityKilledBy.Creeper":1,"achievement.buildFurnace":2,"stat.flyOneCm":142246,"stat.deaths":3,"stat.mineBlock.minecraft.planks":8,"stat.drop":5,"achievement.buildPickaxe":2,"stat.mineBlock.minecraft.leaves":1,"stat.playOneMinute":70643,"stat.killEntity.Witch":1,"stat.mineBlock.minecraft.glass":2,"stat.damageDealt":4165,"stat.useItem.minecraft.wool":109,"stat.killEntity.Zombie":10,"stat.timeSinceDeath":0,"stat.mineBlock.minecraft.hay_block":3,"stat.useItem.minecraft.crafting_table":2,"stat.mineBlock.minecraft.dirt":4,"stat.craftItem.minecraft.wooden_pickaxe":1,"stat.mineBlock.minecraft.stone":6,"stat.diveOneCm":13933}