{"stat.walkOneCm":194266,"stat.useItem.minecraft.torch":17,"stat.useItem.minecraft.iron_axe":62,"stat.leaveGame":2,"stat.mineBlock.minecraft.cobblestone":8,"stat.craftItem.minecraft.crafting_table":1,"stat.useItem.minecraft.cooked_porkchop":6,"stat.useItem.minecraft.diamond_sword":12,"stat.craftItem.minecraft.coal":7,"stat.mineBlock.minecraft.stained_glass_pane":1,"stat.jump":375,"stat.fallOneCm":21378,"stat.useItem.minecraft.planks":3,"stat.climbOneCm":3686,"stat.entityKilledBy.Skeleton":1,"achievement.buildWorkBench":2,"stat.crouchOneCm":29925,"stat.mineBlock.minecraft.wool":62,"stat.useItem.minecraft.written_book":4,"achievement.mineWood":11,"stat.craftItem.minecraft.torch":28,"stat.sprintOneCm":76220,"achievement.exploreAllBiomes":{"value":0,"progress":["Jungle","Forest","Plains"]},"stat.craftItem.minecraft.stick":12,"stat.killEntity.Skeleton":7,"stat.craftItem.minecraft.furnace":1,"stat.mineBlock.minecraft.tnt":1,"stat.useItem.minecraft.bed":2,"achievement.openInventory":40,"stat.craftItem.minecraft.planks":16,"stat.damageTaken":885,"stat.mineBlock.minecraft.crafting_table":1,"stat.killEntity.Spider":1,"stat.craftItem.minecraft.wooden_button":1,"stat.mineBlock.minecraft.torch":1,"stat.useItem.minecraft.wooden_pickaxe":9,"stat.useItem.minecraft.furnace":1,"stat.mobKills":18,"stat.mineBlock.minecraft.carpet":2,"stat.mineBlock.minecraft.log":10,"achievement.buildFurnace":2,"stat.flyOneCm":63078,"stat.deaths":1,"stat.mineBlock.minecraft.planks":7,"stat.drop":2,"achievement.buildPickaxe":2,"stat.mineBlock.minecraft.leaves":1,"stat.playOneMinute":45433,"stat.killEntity.Witch":1,"stat.damageDealt":3890,"stat.useItem.minecraft.wool":90,"stat.killEntity.Zombie":9,"stat.timeSinceDeath":33059,"stat.mineBlock.minecraft.hay_block":3,"stat.useItem.minecraft.crafting_table":2,"stat.mineBlock.minecraft.dirt":1,"stat.craftItem.minecraft.wooden_pickaxe":1}