{"stat.walkOneCm":116525,"stat.useItem.minecraft.torch":1,"stat.useItem.minecraft.iron_axe":30,"stat.leaveGame":2,"stat.mineBlock.minecraft.cobblestone":8,"stat.craftItem.minecraft.crafting_table":1,"stat.useItem.minecraft.cooked_porkchop":3,"stat.useItem.minecraft.diamond_sword":12,"stat.mineBlock.minecraft.stained_glass_pane":1,"stat.jump":222,"stat.fallOneCm":14460,"stat.useItem.minecraft.planks":3,"stat.entityKilledBy.Skeleton":1,"achievement.buildWorkBench":2,"stat.crouchOneCm":18239,"stat.mineBlock.minecraft.wool":46,"stat.useItem.minecraft.written_book":4,"achievement.mineWood":11,"stat.sprintOneCm":47043,"achievement.exploreAllBiomes":{"value":0,"progress":["Jungle","Forest","Plains"]},"stat.craftItem.minecraft.stick":4,"stat.killEntity.Skeleton":3,"stat.useItem.minecraft.bed":2,"achievement.openInventory":24,"stat.craftItem.minecraft.planks":16,"stat.damageTaken":450,"stat.mineBlock.minecraft.crafting_table":1,"stat.craftItem.minecraft.wooden_button":1,"stat.mineBlock.minecraft.torch":1,"stat.useItem.minecraft.wooden_pickaxe":9,"stat.mobKills":7,"stat.mineBlock.minecraft.carpet":2,"stat.mineBlock.minecraft.log":10,"stat.flyOneCm":43532,"stat.deaths":1,"stat.mineBlock.minecraft.planks":6,"stat.drop":2,"achievement.buildPickaxe":2,"stat.playOneMinute":32905,"stat.killEntity.Witch":1,"stat.damageDealt":1850,"stat.useItem.minecraft.wool":37,"stat.killEntity.Zombie":3,"stat.timeSinceDeath":20531,"stat.useItem.minecraft.crafting_table":2,"stat.craftItem.minecraft.wooden_pickaxe":1}