{"stat.walkOneCm":266005,"stat.useItem.minecraft.torch":26,"stat.animalsBred":1,"stat.useItem.minecraft.chest":1,"stat.useItem.minecraft.iron_axe":65,"stat.leaveGame":2,"stat.mineBlock.minecraft.cobblestone":8,"stat.craftItem.minecraft.crafting_table":1,"stat.useItem.minecraft.cooked_porkchop":9,"stat.useItem.minecraft.diamond_sword":12,"stat.craftItem.minecraft.coal":7,"stat.mineBlock.minecraft.stained_glass_pane":1,"stat.mineBlock.minecraft.stained_glass":1,"stat.jump":620,"stat.swimOneCm":1098,"stat.craftItem.minecraft.wheat":9,"stat.fallOneCm":29879,"stat.useItem.minecraft.planks":3,"stat.climbOneCm":3686,"stat.entityKilledBy.Skeleton":1,"achievement.buildWorkBench":2,"stat.crouchOneCm":40744,"stat.mineBlock.minecraft.wool":107,"stat.mineBlock.minecraft.chest":1,"stat.useItem.minecraft.written_book":4,"achievement.mineWood":14,"stat.craftItem.minecraft.torch":28,"stat.useItem.minecraft.trapdoor":3,"stat.useItem.minecraft.dirt":2,"stat.sprintOneCm":107533,"achievement.exploreAllBiomes":{"value":0,"progress":["Jungle","Forest","Plains"]},"stat.craftItem.minecraft.stick":12,"stat.killEntity.Skeleton":7,"stat.craftItem.minecraft.furnace":1,"stat.mineBlock.minecraft.tnt":1,"stat.useItem.minecraft.bed":2,"achievement.openInventory":56,"stat.craftItem.minecraft.planks":24,"stat.damageTaken":965,"stat.mineBlock.minecraft.crafting_table":1,"stat.killEntity.Spider":1,"stat.craftItem.minecraft.trapdoor":2,"stat.craftItem.minecraft.wooden_button":1,"stat.mineBlock.minecraft.torch":1,"stat.useItem.minecraft.wooden_pickaxe":9,"stat.useItem.minecraft.furnace":1,"stat.mobKills":18,"stat.mineBlock.minecraft.carpet":2,"stat.mineBlock.minecraft.log":12,"achievement.buildFurnace":2,"stat.flyOneCm":106904,"stat.deaths":1,"stat.mineBlock.minecraft.planks":7,"stat.drop":5,"achievement.buildPickaxe":2,"stat.mineBlock.minecraft.leaves":1,"stat.playOneMinute":58048,"stat.killEntity.Witch":1,"stat.mineBlock.minecraft.glass":2,"stat.damageDealt":3925,"stat.useItem.minecraft.wool":105,"stat.killEntity.Zombie":9,"stat.timeSinceDeath":45674,"stat.mineBlock.minecraft.hay_block":3,"stat.useItem.minecraft.crafting_table":2,"stat.mineBlock.minecraft.dirt":4,"stat.craftItem.minecraft.wooden_pickaxe":1,"stat.diveOneCm":13933}