{"stat.useItem.minecraft.bow":53,"stat.useItem.minecraft.mushroom_stew":2,"stat.useItem.minecraft.iron_axe":155,"stat.leaveGame":7,"stat.mineBlock.minecraft.cobblestone":13,"stat.mineBlock.minecraft.slime":3,"stat.useItem.minecraft.skull":1,"stat.breakItem.minecraft.wooden_sword":2,"stat.mineBlock.minecraft.stained_glass_pane":3,"stat.mineBlock.minecraft.stained_glass":17,"stat.swimOneCm":7931,"stat.useItem.minecraft.planks":278,"stat.climbOneCm":10798,"stat.mineBlock.minecraft.web":61,"achievement.buildWorkBench":4,"stat.useItem.minecraft.dirt":42,"achievement.exploreAllBiomes":{"value":0,"progress":["Jungle","Ocean","Plains"]},"stat.useItem.minecraft.water_bucket":2,"stat.mineBlock.minecraft.stone_brick_stairs":3,"stat.craftItem.minecraft.iron_boots":1,"stat.craftItem.minecraft.stone_pickaxe":4,"stat.craftItem.minecraft.cooked_beef":4,"stat.killEntity.Enderman":2,"stat.craftItem.minecraft.bow":1,"stat.useItem.minecraft.stone_shovel":32,"stat.flyOneCm":458629,"achievement.buildPickaxe":4,"stat.mineBlock.minecraft.sand":20,"stat.killEntity.Witch":1,"stat.useItem.minecraft.cooked_beef":26,"stat.craftItem.minecraft.wooden_hoe":1,"achievement.buildBetterPickaxe":4,"stat.mineBlock.minecraft.iron_ore":5,"stat.timeSinceDeath":85302,"stat.useItem.minecraft.iron_pickaxe":10,"stat.killEntity.Bat":3,"achievement.breedCow":14,"stat.useItem.minecraft.lever":2,"stat.mineBlock.minecraft.coal_block":1,"stat.mineBlock.minecraft.vine":5,"stat.useItem.minecraft.cooked_porkchop":12,"stat.mineBlock.minecraft.coal_ore":38,"stat.killEntity.Creeper":7,"stat.mineBlock.minecraft.ladder":1,"stat.useItem.minecraft.milk_bucket":1,"stat.mineBlock.minecraft.redstone_lamp":1,"achievement.buildSword":8,"achievement.mineWood":80,"stat.useItem.minecraft.written_book":1,"stat.mineBlock.minecraft.stained_hardened_clay":40,"stat.sprintOneCm":432658,"stat.useItem.minecraft.fence":1,"stat.craftItem.minecraft.stick":40,"achievement.openInventory":412,"stat.mineBlock.minecraft.fence":3,"stat.useItem.minecraft.wheat_seeds":57,"stat.mineBlock.minecraft.crafting_table":2,"stat.mineBlock.minecraft.quartz_block":16,"stat.useItem.minecraft.carrot":47,"stat.useItem.minecraft.dye":104,"stat.useItem.minecraft.bucket":8,"achievement.killEnemy":114,"stat.mineBlock.minecraft.planks":41,"stat.deaths":2,"stat.drop":52,"stat.playOneMinute":256778,"stat.useItem.minecraft.wooden_sword":125,"stat.useItem.minecraft.ladder":2,"stat.killEntity.Zombie":42,"stat.craftItem.minecraft.dye":114,"stat.killEntity.Guardian":4,"stat.mineBlock.minecraft.tallgrass":7,"stat.diveOneCm":113,"stat.craftItem.minecraft.slime_ball":27,"stat.craftItem.minecraft.sandstone":16,"stat.craftItem.minecraft.cooked_porkchop":4,"stat.mineBlock.minecraft.anvil":3,"stat.useItem.minecraft.rotten_flesh":26,"stat.jump":3800,"stat.breakItem.minecraft.leather_helmet":1,"stat.useItem.minecraft.wooden_hoe":30,"stat.fallOneCm":63085,"stat.craftItem.minecraft.bread":11,"stat.crouchOneCm":320253,"achievement.killCow":12,"stat.mineBlock.minecraft.chest":3,"stat.craftItem.minecraft.torch":104,"stat.craftItem.minecraft.iron_ingot":69,"stat.craftItem.minecraft.chest":4,"stat.craftItem.minecraft.iron_helmet":1,"stat.mineBlock.minecraft.lever":2,"stat.damageTaken":4927,"stat.mineBlock.minecraft.red_flower":1,"stat.mineBlock.minecraft.torch":17,"stat.mineBlock.minecraft.furnace":3,"stat.useItem.minecraft.furnace":3,"stat.breakItem.minecraft.leather_boots":1,"stat.craftItem.minecraft.wooden_sword":1,"stat.killEntity.CaveSpider":4,"stat.mineBlock.minecraft.gravel":28,"stat.useItem.minecraft.stone_pickaxe":392,"stat.mineBlock.minecraft.glass":1,"stat.useItem.minecraft.stone_sword":105,"stat.craftItem.minecraft.iron_leggings":3,"stat.damageDealt":33221,"stat.useItem.minecraft.wool":440,"stat.craftItem.minecraft.bowl":8,"stat.killEntity.Silverfish":22,"stat.killEntity.Cow":13,"stat.mineBlock.minecraft.dirt":44,"stat.useItem.minecraft.crafting_table":3,"stat.craftItem.minecraft.iron_sword":3,"stat.craftItem.minecraft.stone_shovel":1,"stat.mineBlock.minecraft.monster_egg":15,"stat.walkOneCm":1427669,"stat.useItem.minecraft.torch":60,"stat.useItem.minecraft.bread":11,"stat.animalsBred":32,"stat.playerKills":1,"stat.useItem.minecraft.chest":7,"stat.useItem.minecraft.tnt":3,"stat.useItem.minecraft.cobblestone":73,"stat.craftItem.minecraft.crafting_table":2,"stat.useItem.minecraft.gravel":3,"stat.useItem.minecraft.lava_bucket":6,"stat.breakItem.minecraft.stone_pickaxe":1,"stat.craftItem.minecraft.boat":1,"stat.craftItem.minecraft.wheat":63,"stat.craftItem.minecraft.iron_chestplate":2,"stat.mineBlock.minecraft.wool":315,"stat.useItem.minecraft.stained_hardened_clay":23,"stat.useItem.minecraft.leaves":64,"stat.mineBlock.minecraft.iron_block":2,"stat.useItem.minecraft.birch_door":1,"stat.killEntity.Skeleton":21,"stat.mineBlock.minecraft.tnt":9,"stat.craftItem.minecraft.bucket":1,"stat.mineBlock.minecraft.stonebrick":4,"stat.craftItem.minecraft.planks":376,"stat.useItem.minecraft.iron_sword":240,"stat.killEntity.Spider":36,"stat.mobKills":159,"stat.useItem.minecraft.stonebrick":4,"stat.mineBlock.minecraft.log":87,"stat.mineBlock.minecraft.bookshelf":3,"stat.craftItem.minecraft.shears":1,"stat.useItem.minecraft.boat":1,"stat.craftItem.minecraft.lead":4,"stat.mineBlock.minecraft.leaves":2,"stat.mineBlock.minecraft.hay_block":2,"stat.useItem.minecraft.wooden_axe":5,"stat.breakItem.minecraft.stone_sword":1,"stat.mineBlock.minecraft.jukebox":1,"stat.mineBlock.minecraft.stone":222,"stat.useItem.minecraft.sandstone":14}