{"stat.useItem.minecraft.string":1,"stat.useItem.minecraft.bow":26,"stat.useItem.minecraft.mushroom_stew":8,"stat.useItem.minecraft.iron_axe":24,"stat.leaveGame":6,"stat.mineBlock.minecraft.cobblestone":39,"stat.mineBlock.minecraft.slime":3,"stat.mineBlock.minecraft.brown_mushroom":21,"stat.mineBlock.minecraft.stained_glass_pane":2,"stat.mineBlock.minecraft.stained_glass":4,"stat.swimOneCm":11114,"stat.useItem.minecraft.planks":57,"stat.climbOneCm":13722,"stat.mineBlock.minecraft.web":7,"achievement.buildWorkBench":8,"stat.useItem.minecraft.cookie":11,"stat.useItem.minecraft.dirt":6,"achievement.exploreAllBiomes":{"value":0,"progress":["Jungle","Ocean","Plains"]},"stat.mineBlock.minecraft.red_mushroom":19,"stat.entityKilledBy.Spider":1,"stat.craftItem.minecraft.stone_axe":1,"stat.craftItem.minecraft.stone_pickaxe":1,"stat.craftItem.minecraft.cooked_beef":2,"stat.killEntity.Enderman":1,"stat.mineBlock.minecraft.carpet":2,"stat.craftItem.minecraft.stone_sword":4,"stat.flyOneCm":214653,"achievement.buildPickaxe":4,"stat.mineBlock.minecraft.sand":29,"stat.useItem.minecraft.cooked_beef":5,"achievement.buildBetterPickaxe":4,"stat.mineBlock.minecraft.iron_ore":21,"stat.timeSinceDeath":14316,"stat.useItem.minecraft.iron_pickaxe":8,"stat.craftItem.minecraft.wooden_pickaxe":2,"stat.craftItem.minecraft.bed":3,"stat.mineBlock.minecraft.coal_block":5,"stat.mineBlock.minecraft.vine":6,"stat.useItem.minecraft.cooked_porkchop":8,"stat.mineBlock.minecraft.coal_ore":24,"stat.killEntity.Creeper":19,"stat.talkedToVillager":1,"stat.mineBlock.minecraft.red_mushroom_block":28,"stat.mineBlock.minecraft.ladder":2,"stat.useItem.minecraft.milk_bucket":1,"stat.entityKilledBy.Skeleton":2,"achievement.buildSword":5,"achievement.mineWood":39,"stat.mineBlock.minecraft.stained_hardened_clay":82,"stat.sprintOneCm":280511,"stat.craftItem.minecraft.stick":24,"stat.craftItem.minecraft.wooden_axe":1,"stat.useItem.minecraft.bed":3,"achievement.openInventory":261,"stat.mineBlock.minecraft.fence":10,"stat.mineBlock.minecraft.crafting_table":2,"stat.mineBlock.minecraft.quartz_block":1,"stat.useItem.minecraft.carrot":8,"stat.useItem.minecraft.bucket":1,"stat.entityKilledBy.Creeper":3,"achievement.killEnemy":118,"stat.breakItem.minecraft.shears":1,"stat.deaths":12,"stat.mineBlock.minecraft.planks":94,"stat.drop":6,"stat.playOneMinute":211956,"stat.useItem.minecraft.ladder":1,"stat.craftItem.minecraft.iron_pickaxe":1,"stat.useItem.minecraft.shears":746,"stat.killEntity.Zombie":22,"stat.killEntity.Guardian":6,"stat.mineBlock.minecraft.tallgrass":1,"stat.craftItem.minecraft.mushroom_stew":8,"stat.useItem.minecraft.fish":4,"stat.craftItem.minecraft.cooked_porkchop":7,"stat.mineBlock.minecraft.anvil":3,"stat.breakItem.minecraft.wooden_axe":1,"stat.entityKilledBy.Guardian":1,"stat.craftItem.minecraft.coal":45,"stat.useItem.minecraft.rotten_flesh":12,"stat.jump":2320,"stat.useItem.minecraft.sand":4,"stat.fallOneCm":73053,"stat.useItem.minecraft.stone_axe":23,"stat.crouchOneCm":276544,"stat.mineBlock.minecraft.chest":1,"stat.craftItem.minecraft.chest":2,"stat.craftItem.minecraft.torch":4,"stat.mineBlock.minecraft.lapis_ore":1,"stat.damageTaken":5926,"stat.mineBlock.minecraft.torch":1,"stat.useItem.minecraft.wooden_pickaxe":120,"stat.useItem.minecraft.slime":2,"stat.entityKilledBy.Zombie":1,"stat.mineBlock.minecraft.gravel":3,"stat.useItem.minecraft.stone_pickaxe":252,"stat.useItem.minecraft.stone_sword":148,"stat.damageDealt":27608,"stat.useItem.minecraft.wool":936,"stat.craftItem.minecraft.bowl":8,"stat.killEntity.Silverfish":7,"stat.killEntity.Cow":2,"stat.useItem.minecraft.crafting_table":6,"stat.mineBlock.minecraft.dirt":1,"stat.craftItem.minecraft.iron_sword":1,"stat.walkOneCm":1159621,"stat.useItem.minecraft.torch":4,"stat.useItem.minecraft.chest":3,"stat.playerKills":1,"stat.useItem.minecraft.cobblestone":89,"stat.useItem.minecraft.tnt":1,"stat.craftItem.minecraft.crafting_table":5,"stat.useItem.minecraft.gravel":12,"stat.useItem.minecraft.lava_bucket":2,"stat.breakItem.minecraft.stone_pickaxe":1,"stat.mineBlock.minecraft.wool":1166,"stat.useItem.minecraft.stained_hardened_clay":61,"stat.killEntity.Skeleton":40,"stat.mineBlock.minecraft.tnt":16,"stat.mineBlock.minecraft.cactus":1,"stat.craftItem.minecraft.planks":152,"stat.useItem.minecraft.iron_sword":257,"stat.killEntity.Chicken":1,"stat.killEntity.Spider":34,"stat.mobKills":140,"stat.useItem.minecraft.stonebrick":2,"stat.mineBlock.minecraft.log":42,"stat.craftItem.minecraft.shears":4,"stat.mineBlock.minecraft.hay_block":2,"stat.useItem.minecraft.wooden_axe":64,"stat.mineBlock.minecraft.jukebox":1,"stat.mineBlock.minecraft.stone":171,"stat.breakItem.minecraft.wooden_pickaxe":2}