{"stat.useItem.minecraft.string":1,"stat.useItem.minecraft.bow":36,"stat.useItem.minecraft.mushroom_stew":18,"stat.useItem.minecraft.painting":2,"stat.useItem.minecraft.quartz_block":38,"stat.useItem.minecraft.iron_axe":24,"stat.leaveGame":6,"stat.mineBlock.minecraft.cobblestone":39,"stat.mineBlock.minecraft.slime":3,"stat.mineBlock.minecraft.brown_mushroom":21,"stat.mineBlock.minecraft.sandstone":1,"stat.mineBlock.minecraft.stained_glass_pane":2,"stat.mineBlock.minecraft.stained_glass":8,"stat.swimOneCm":11821,"stat.useItem.minecraft.planks":199,"stat.climbOneCm":23936,"stat.mineBlock.minecraft.web":17,"achievement.buildWorkBench":12,"stat.useItem.minecraft.cookie":11,"stat.useItem.minecraft.dirt":6,"achievement.exploreAllBiomes":{"value":0,"progress":["Jungle","Ocean","River","Plains","Desert"]},"stat.mineBlock.minecraft.red_mushroom":19,"stat.craftItem.minecraft.furnace":1,"stat.entityKilledBy.Spider":1,"stat.craftItem.minecraft.stone_axe":2,"stat.craftItem.minecraft.iron_boots":1,"stat.craftItem.minecraft.stone_pickaxe":2,"stat.craftItem.minecraft.cooked_beef":2,"stat.killEntity.Enderman":1,"stat.mineBlock.minecraft.carpet":2,"stat.craftItem.minecraft.bow":1,"stat.craftItem.minecraft.stone_sword":4,"stat.flyOneCm":380571,"achievement.buildPickaxe":10,"stat.mineBlock.minecraft.sand":31,"stat.killEntity.Witch":1,"stat.useItem.minecraft.cooked_beef":9,"achievement.buildBetterPickaxe":8,"stat.mineBlock.minecraft.iron_ore":51,"stat.timeSinceDeath":0,"stat.useItem.minecraft.iron_pickaxe":208,"stat.craftItem.minecraft.wooden_pickaxe":3,"stat.killEntity.Bat":1,"stat.craftItem.minecraft.bed":6,"stat.mineBlock.minecraft.coal_block":5,"stat.mineBlock.minecraft.vine":6,"stat.useItem.minecraft.cooked_porkchop":8,"stat.mineBlock.minecraft.coal_ore":87,"stat.killEntity.Creeper":24,"stat.talkedToVillager":1,"stat.mineBlock.minecraft.red_mushroom_block":28,"stat.mineBlock.minecraft.ladder":9,"stat.useItem.minecraft.milk_bucket":1,"stat.entityKilledBy.Skeleton":4,"achievement.buildSword":7,"achievement.mineWood":39,"stat.mineBlock.minecraft.stained_hardened_clay":89,"stat.sprintOneCm":438665,"stat.craftItem.minecraft.stick":36,"stat.craftItem.minecraft.wooden_axe":1,"stat.useItem.minecraft.bed":5,"achievement.openInventory":370,"stat.mineBlock.minecraft.diamond_ore":1,"stat.mineBlock.minecraft.fence":10,"stat.mineBlock.minecraft.crafting_table":2,"stat.mineBlock.minecraft.quartz_block":4,"stat.useItem.minecraft.carrot":13,"stat.useItem.minecraft.bucket":1,"stat.entityKilledBy.Creeper":10,"achievement.killEnemy":157,"stat.breakItem.minecraft.shears":2,"achievement.buildFurnace":2,"stat.deaths":27,"stat.mineBlock.minecraft.planks":97,"stat.drop":11,"stat.playOneMinute":286600,"stat.useItem.minecraft.ladder":53,"stat.craftItem.minecraft.iron_pickaxe":2,"stat.useItem.minecraft.shears":920,"stat.killEntity.Zombie":26,"stat.killEntity.Guardian":6,"stat.mineBlock.minecraft.tallgrass":9,"stat.craftItem.minecraft.mushroom_stew":8,"stat.useItem.minecraft.fish":4,"stat.useItem.minecraft.stone":3,"stat.craftItem.minecraft.cooked_porkchop":7,"stat.mineBlock.minecraft.anvil":3,"stat.useItem.minecraft.apple":4,"stat.useItem.minecraft.ender_chest":2,"stat.breakItem.minecraft.wooden_axe":1,"stat.entityKilledBy.Guardian":1,"stat.craftItem.minecraft.coal":45,"stat.useItem.minecraft.rotten_flesh":17,"stat.jump":3490,"stat.useItem.minecraft.sand":4,"stat.fallOneCm":120640,"stat.useItem.minecraft.stone_axe":26,"stat.crouchOneCm":350744,"stat.mineBlock.minecraft.chest":1,"stat.craftItem.minecraft.chest":2,"stat.craftItem.minecraft.torch":4,"stat.craftItem.minecraft.iron_ingot":29,"stat.craftItem.minecraft.iron_helmet":1,"stat.mineBlock.minecraft.lapis_ore":1,"stat.damageTaken":13813,"stat.mineBlock.minecraft.torch":1,"stat.mineBlock.minecraft.furnace":1,"stat.useItem.minecraft.wooden_pickaxe":123,"stat.useItem.minecraft.furnace":1,"stat.useItem.minecraft.slime":2,"stat.entityKilledBy.Zombie":1,"stat.mineBlock.minecraft.gravel":3,"stat.useItem.minecraft.stone_pickaxe":290,"stat.useItem.minecraft.stone_sword":148,"stat.craftItem.minecraft.iron_leggings":1,"stat.damageDealt":36905,"stat.useItem.minecraft.wool":1273,"stat.craftItem.minecraft.bowl":32,"stat.killEntity.Silverfish":17,"stat.mineBlock.minecraft.ender_chest":1,"stat.killEntity.Cow":2,"stat.useItem.minecraft.crafting_table":7,"stat.mineBlock.minecraft.dirt":1,"stat.craftItem.minecraft.iron_sword":2,"stat.walkOneCm":1578628,"stat.useItem.minecraft.torch":16,"stat.useItem.minecraft.chest":3,"stat.playerKills":1,"stat.useItem.minecraft.cobblestone":105,"stat.useItem.minecraft.tnt":1,"stat.craftItem.minecraft.crafting_table":7,"stat.useItem.minecraft.gravel":12,"stat.useItem.minecraft.lava_bucket":2,"stat.breakItem.minecraft.stone_pickaxe":1,"stat.craftItem.minecraft.iron_chestplate":1,"stat.mineBlock.minecraft.wool":1385,"stat.useItem.minecraft.stained_hardened_clay":62,"stat.mineBlock.minecraft.packed_ice":1,"stat.killEntity.Skeleton":51,"stat.mineBlock.minecraft.tnt":16,"stat.mineBlock.minecraft.cactus":1,"stat.craftItem.minecraft.planks":152,"stat.useItem.minecraft.iron_sword":381,"stat.killEntity.Chicken":1,"stat.killEntity.Spider":42,"stat.mobKills":181,"stat.useItem.minecraft.stonebrick":2,"stat.mineBlock.minecraft.log":42,"stat.craftItem.minecraft.shears":5,"achievement.acquireIron":2,"stat.mineBlock.minecraft.hay_block":2,"stat.useItem.minecraft.wooden_axe":64,"stat.mineBlock.minecraft.jukebox":1,"stat.mineBlock.minecraft.stone":297,"stat.breakItem.minecraft.wooden_pickaxe":2,"stat.useItem.minecraft.sandstone":129}