{"stat.useItem.minecraft.iron_axe":91,"stat.leaveGame":1,"stat.mineBlock.minecraft.cobblestone":11,"stat.mineBlock.minecraft.stained_glass":5,"stat.jump":740,"stat.fallOneCm":30298,"stat.climbOneCm":1428,"stat.useItem.minecraft.planks":48,"stat.crouchOneCm":82764,"stat.craftItem.minecraft.chest":1,"stat.useItem.minecraft.cookie":7,"achievement.exploreAllBiomes":{"value":0,"progress":["Jungle","Forest","Plains"]},"stat.damageTaken":2296,"stat.useItem.minecraft.iron_ore":1,"stat.mineBlock.minecraft.furnace":1,"stat.mineBlock.minecraft.torch":1,"stat.useItem.minecraft.wooden_pickaxe":31,"stat.craftItem.minecraft.cooked_beef":6,"stat.useItem.minecraft.furnace":1,"stat.craftItem.minecraft.wooden_sword":2,"stat.flyOneCm":82417,"stat.useItem.minecraft.cooked_beef":1,"stat.damageDealt":1950,"stat.useItem.minecraft.wool":232,"stat.timeSinceDeath":6613,"stat.killEntity.Silverfish":1,"stat.craftItem.minecraft.wooden_pickaxe":2,"stat.walkOneCm":390625,"stat.useItem.minecraft.torch":1,"stat.animalsBred":1,"stat.useItem.minecraft.chest":1,"stat.useItem.minecraft.cobblestone":2,"stat.useItem.minecraft.cooked_porkchop":2,"stat.mineBlock.minecraft.coal_ore":8,"stat.craftItem.minecraft.wheat":9,"stat.mineBlock.minecraft.wool":253,"achievement.mineWood":76,"stat.useItem.minecraft.stained_hardened_clay":2,"stat.useItem.minecraft.leaves":23,"stat.mineBlock.minecraft.stained_hardened_clay":3,"stat.sprintOneCm":148609,"stat.useItem.minecraft.fence":1,"stat.craftItem.minecraft.stick":8,"achievement.openInventory":30,"stat.craftItem.minecraft.planks":236,"stat.mineBlock.minecraft.fence":2,"stat.mobKills":8,"stat.mineBlock.minecraft.log":79,"stat.entityKilledBy.Creeper":3,"stat.mineBlock.minecraft.planks":17,"stat.deaths":6,"stat.drop":3,"stat.mineBlock.minecraft.leaves":1,"stat.playOneMinute":74606,"stat.useItem.minecraft.wooden_sword":29,"stat.useItem.minecraft.shears":47,"stat.killEntity.Zombie":7,"stat.mineBlock.minecraft.hay_block":10,"stat.useItem.minecraft.map":1,"stat.mineBlock.minecraft.stone":4}