{"stat.walkOneCm":323276,"stat.animalsBred":1,"stat.useItem.minecraft.chest":1,"stat.useItem.minecraft.iron_axe":90,"stat.mineBlock.minecraft.cobblestone":10,"stat.useItem.minecraft.cooked_porkchop":2,"stat.mineBlock.minecraft.coal_ore":8,"stat.mineBlock.minecraft.stained_glass":5,"stat.jump":545,"stat.craftItem.minecraft.wheat":9,"stat.fallOneCm":21006,"stat.climbOneCm":1428,"stat.useItem.minecraft.planks":48,"stat.mineBlock.minecraft.wool":236,"stat.crouchOneCm":73777,"achievement.mineWood":76,"stat.craftItem.minecraft.chest":1,"stat.useItem.minecraft.stained_hardened_clay":2,"stat.useItem.minecraft.leaves":23,"stat.useItem.minecraft.cookie":7,"stat.mineBlock.minecraft.stained_hardened_clay":3,"stat.sprintOneCm":116042,"achievement.exploreAllBiomes":{"value":0,"progress":["Jungle","Forest","Plains"]},"stat.useItem.minecraft.fence":1,"stat.craftItem.minecraft.stick":4,"achievement.openInventory":28,"stat.craftItem.minecraft.planks":236,"stat.mineBlock.minecraft.fence":2,"stat.damageTaken":1366,"stat.mineBlock.minecraft.furnace":1,"stat.mineBlock.minecraft.torch":1,"stat.useItem.minecraft.wooden_pickaxe":26,"stat.craftItem.minecraft.cooked_beef":6,"stat.mobKills":7,"stat.craftItem.minecraft.wooden_sword":1,"stat.mineBlock.minecraft.log":79,"stat.entityKilledBy.Creeper":1,"stat.flyOneCm":52567,"stat.mineBlock.minecraft.planks":17,"stat.deaths":3,"stat.drop":1,"stat.mineBlock.minecraft.leaves":1,"stat.playOneMinute":62660,"stat.useItem.minecraft.wooden_sword":29,"stat.useItem.minecraft.cooked_beef":1,"stat.useItem.minecraft.shears":47,"stat.damageDealt":1695,"stat.useItem.minecraft.wool":206,"stat.killEntity.Zombie":7,"stat.timeSinceDeath":0,"stat.mineBlock.minecraft.hay_block":10,"stat.useItem.minecraft.map":1,"stat.craftItem.minecraft.wooden_pickaxe":1}