{"stat.walkOneCm":195352,"stat.useItem.minecraft.chest":1,"achievement.openInventory":16,"stat.craftItem.minecraft.planks":224,"stat.useItem.minecraft.iron_axe":90,"stat.mineBlock.minecraft.fence":2,"stat.mineBlock.minecraft.cobblestone":10,"stat.damageTaken":548,"stat.mineBlock.minecraft.furnace":1,"stat.useItem.minecraft.wooden_pickaxe":26,"stat.craftItem.minecraft.cooked_beef":6,"stat.mobKills":7,"stat.mineBlock.minecraft.coal_ore":8,"stat.craftItem.minecraft.wooden_sword":1,"stat.mineBlock.minecraft.log":77,"stat.flyOneCm":15806,"stat.mineBlock.minecraft.planks":17,"stat.deaths":1,"stat.mineBlock.minecraft.stained_glass":5,"stat.drop":1,"stat.jump":272,"stat.mineBlock.minecraft.leaves":1,"stat.playOneMinute":37559,"stat.fallOneCm":11210,"stat.useItem.minecraft.wooden_sword":29,"stat.climbOneCm":678,"stat.useItem.minecraft.cooked_beef":1,"stat.damageDealt":1645,"stat.crouchOneCm":38263,"stat.mineBlock.minecraft.wool":97,"stat.useItem.minecraft.wool":134,"stat.killEntity.Zombie":7,"stat.timeSinceDeath":26175,"achievement.mineWood":73,"stat.mineBlock.minecraft.hay_block":10,"stat.craftItem.minecraft.chest":1,"stat.useItem.minecraft.stained_hardened_clay":2,"stat.useItem.minecraft.map":1,"stat.useItem.minecraft.leaves":23,"stat.useItem.minecraft.cookie":4,"stat.mineBlock.minecraft.stained_hardened_clay":3,"stat.sprintOneCm":64273,"stat.craftItem.minecraft.wooden_pickaxe":1,"achievement.exploreAllBiomes":{"value":0,"progress":["Jungle","Forest","Plains"]},"stat.useItem.minecraft.fence":1,"stat.craftItem.minecraft.stick":4}