{"stat.walkOneCm":51854,"achievement.openInventory":2,"stat.craftItem.minecraft.planks":20,"stat.mineBlock.minecraft.fence":2,"stat.damageTaken":300,"stat.craftItem.minecraft.wooden_sword":1,"stat.mineBlock.minecraft.log":5,"stat.flyOneCm":3382,"stat.mineBlock.minecraft.planks":6,"stat.deaths":1,"stat.mineBlock.minecraft.stained_glass":5,"stat.jump":31,"stat.playOneMinute":12465,"stat.fallOneCm":7231,"stat.damageDealt":10,"stat.crouchOneCm":9860,"stat.mineBlock.minecraft.wool":11,"stat.useItem.minecraft.wool":2,"stat.timeSinceDeath":1081,"achievement.mineWood":2,"stat.useItem.minecraft.leaves":23,"stat.sprintOneCm":22676,"achievement.exploreAllBiomes":{"value":0,"progress":["Jungle","Forest","Plains"]},"stat.useItem.minecraft.fence":1,"stat.craftItem.minecraft.stick":4}