{"stat.useItem.minecraft.string":1,"stat.useItem.minecraft.bow":36,"stat.useItem.minecraft.mushroom_stew":13,"stat.useItem.minecraft.painting":1,"stat.useItem.minecraft.iron_axe":24,"stat.leaveGame":6,"stat.mineBlock.minecraft.cobblestone":39,"stat.mineBlock.minecraft.slime":3,"stat.mineBlock.minecraft.brown_mushroom":21,"stat.mineBlock.minecraft.sandstone":1,"stat.mineBlock.minecraft.stained_glass_pane":2,"stat.mineBlock.minecraft.stained_glass":4,"stat.swimOneCm":11114,"stat.useItem.minecraft.planks":57,"stat.climbOneCm":19638,"stat.mineBlock.minecraft.web":17,"achievement.buildWorkBench":10,"stat.useItem.minecraft.cookie":11,"stat.useItem.minecraft.dirt":6,"achievement.exploreAllBiomes":{"value":0,"progress":["Jungle","Ocean","Plains"]},"stat.mineBlock.minecraft.red_mushroom":19,"stat.entityKilledBy.Spider":1,"stat.craftItem.minecraft.stone_axe":1,"stat.craftItem.minecraft.stone_pickaxe":1,"stat.craftItem.minecraft.cooked_beef":2,"stat.killEntity.Enderman":1,"stat.mineBlock.minecraft.carpet":2,"stat.craftItem.minecraft.bow":1,"stat.craftItem.minecraft.stone_sword":4,"stat.flyOneCm":295348,"achievement.buildPickaxe":4,"stat.mineBlock.minecraft.sand":31,"stat.useItem.minecraft.cooked_beef":9,"achievement.buildBetterPickaxe":4,"stat.mineBlock.minecraft.iron_ore":34,"stat.timeSinceDeath":613,"stat.useItem.minecraft.iron_pickaxe":203,"stat.craftItem.minecraft.wooden_pickaxe":2,"stat.killEntity.Bat":1,"stat.craftItem.minecraft.bed":6,"stat.mineBlock.minecraft.coal_block":5,"stat.mineBlock.minecraft.vine":6,"stat.useItem.minecraft.cooked_porkchop":8,"stat.mineBlock.minecraft.coal_ore":87,"stat.killEntity.Creeper":22,"stat.talkedToVillager":1,"stat.mineBlock.minecraft.red_mushroom_block":28,"stat.mineBlock.minecraft.ladder":3,"stat.useItem.minecraft.milk_bucket":1,"stat.entityKilledBy.Skeleton":3,"achievement.buildSword":5,"achievement.mineWood":39,"stat.mineBlock.minecraft.stained_hardened_clay":89,"stat.sprintOneCm":352821,"stat.craftItem.minecraft.stick":24,"stat.craftItem.minecraft.wooden_axe":1,"stat.useItem.minecraft.bed":5,"achievement.openInventory":344,"stat.mineBlock.minecraft.diamond_ore":1,"stat.mineBlock.minecraft.fence":10,"stat.mineBlock.minecraft.crafting_table":2,"stat.mineBlock.minecraft.quartz_block":1,"stat.useItem.minecraft.carrot":8,"stat.useItem.minecraft.bucket":1,"stat.entityKilledBy.Creeper":6,"achievement.killEnemy":142,"stat.breakItem.minecraft.shears":2,"stat.deaths":19,"stat.mineBlock.minecraft.planks":94,"stat.drop":11,"stat.playOneMinute":261924,"stat.useItem.minecraft.ladder":50,"stat.craftItem.minecraft.iron_pickaxe":1,"stat.useItem.minecraft.shears":920,"stat.killEntity.Zombie":24,"stat.killEntity.Guardian":6,"stat.mineBlock.minecraft.tallgrass":1,"stat.craftItem.minecraft.mushroom_stew":8,"stat.useItem.minecraft.fish":4,"stat.craftItem.minecraft.cooked_porkchop":7,"stat.mineBlock.minecraft.anvil":3,"stat.useItem.minecraft.apple":4,"stat.useItem.minecraft.ender_chest":1,"stat.breakItem.minecraft.wooden_axe":1,"stat.entityKilledBy.Guardian":1,"stat.craftItem.minecraft.coal":45,"stat.useItem.minecraft.rotten_flesh":17,"stat.jump":2972,"stat.useItem.minecraft.sand":4,"stat.fallOneCm":109443,"stat.useItem.minecraft.stone_axe":23,"stat.crouchOneCm":339100,"stat.mineBlock.minecraft.chest":1,"stat.craftItem.minecraft.chest":2,"stat.craftItem.minecraft.torch":4,"stat.mineBlock.minecraft.lapis_ore":1,"stat.damageTaken":10776,"stat.mineBlock.minecraft.torch":1,"stat.useItem.minecraft.wooden_pickaxe":120,"stat.useItem.minecraft.slime":2,"stat.entityKilledBy.Zombie":1,"stat.mineBlock.minecraft.gravel":3,"stat.useItem.minecraft.stone_pickaxe":252,"stat.useItem.minecraft.stone_sword":148,"stat.damageDealt":32143,"stat.useItem.minecraft.wool":1273,"stat.craftItem.minecraft.bowl":32,"stat.killEntity.Silverfish":17,"stat.mineBlock.minecraft.ender_chest":1,"stat.killEntity.Cow":2,"stat.useItem.minecraft.crafting_table":6,"stat.mineBlock.minecraft.dirt":1,"stat.craftItem.minecraft.iron_sword":1,"stat.walkOneCm":1419737,"stat.useItem.minecraft.torch":16,"stat.useItem.minecraft.chest":3,"stat.playerKills":1,"stat.useItem.minecraft.cobblestone":105,"stat.useItem.minecraft.tnt":1,"stat.craftItem.minecraft.crafting_table":6,"stat.useItem.minecraft.gravel":12,"stat.useItem.minecraft.lava_bucket":2,"stat.breakItem.minecraft.stone_pickaxe":1,"stat.mineBlock.minecraft.wool":1385,"stat.useItem.minecraft.stained_hardened_clay":62,"stat.mineBlock.minecraft.packed_ice":1,"stat.killEntity.Skeleton":47,"stat.mineBlock.minecraft.tnt":16,"stat.mineBlock.minecraft.cactus":1,"stat.craftItem.minecraft.planks":152,"stat.useItem.minecraft.iron_sword":318,"stat.killEntity.Chicken":1,"stat.killEntity.Spider":36,"stat.mobKills":165,"stat.useItem.minecraft.stonebrick":2,"stat.mineBlock.minecraft.log":42,"stat.craftItem.minecraft.shears":5,"stat.mineBlock.minecraft.hay_block":2,"stat.useItem.minecraft.wooden_axe":64,"stat.mineBlock.minecraft.jukebox":1,"stat.mineBlock.minecraft.stone":273,"stat.breakItem.minecraft.wooden_pickaxe":2,"stat.useItem.minecraft.sandstone":128}