{"stat.walkOneCm":267989,"stat.animalsBred":1,"stat.useItem.minecraft.chest":1,"stat.useItem.minecraft.iron_axe":90,"stat.mineBlock.minecraft.cobblestone":10,"stat.useItem.minecraft.cooked_porkchop":2,"stat.mineBlock.minecraft.coal_ore":8,"stat.mineBlock.minecraft.stained_glass":5,"stat.jump":423,"stat.craftItem.minecraft.wheat":9,"stat.fallOneCm":18603,"stat.climbOneCm":1428,"stat.mineBlock.minecraft.wool":170,"stat.crouchOneCm":55053,"achievement.mineWood":73,"stat.craftItem.minecraft.chest":1,"stat.useItem.minecraft.stained_hardened_clay":2,"stat.useItem.minecraft.leaves":23,"stat.useItem.minecraft.cookie":7,"stat.mineBlock.minecraft.stained_hardened_clay":3,"stat.sprintOneCm":93729,"achievement.exploreAllBiomes":{"value":0,"progress":["Jungle","Forest","Plains"]},"stat.useItem.minecraft.fence":1,"stat.craftItem.minecraft.stick":4,"achievement.openInventory":22,"stat.craftItem.minecraft.planks":224,"stat.mineBlock.minecraft.fence":2,"stat.damageTaken":956,"stat.mineBlock.minecraft.furnace":1,"stat.mineBlock.minecraft.torch":1,"stat.useItem.minecraft.wooden_pickaxe":26,"stat.craftItem.minecraft.cooked_beef":6,"stat.mobKills":7,"stat.craftItem.minecraft.wooden_sword":1,"stat.mineBlock.minecraft.log":77,"stat.flyOneCm":35369,"stat.mineBlock.minecraft.planks":17,"stat.deaths":2,"stat.drop":1,"stat.mineBlock.minecraft.leaves":1,"stat.playOneMinute":50096,"stat.useItem.minecraft.wooden_sword":29,"stat.useItem.minecraft.cooked_beef":1,"stat.damageDealt":1685,"stat.useItem.minecraft.wool":172,"stat.killEntity.Zombie":7,"stat.timeSinceDeath":7992,"stat.mineBlock.minecraft.hay_block":10,"stat.useItem.minecraft.map":1,"stat.craftItem.minecraft.wooden_pickaxe":1}