{"stat.walkOneCm":118431,"achievement.openInventory":6,"stat.craftItem.minecraft.planks":20,"stat.useItem.minecraft.iron_axe":40,"stat.mineBlock.minecraft.fence":2,"stat.mineBlock.minecraft.cobblestone":2,"stat.damageTaken":510,"stat.useItem.minecraft.wooden_pickaxe":3,"stat.mobKills":4,"stat.craftItem.minecraft.wooden_sword":1,"stat.mineBlock.minecraft.log":31,"stat.flyOneCm":11024,"stat.mineBlock.minecraft.planks":13,"stat.deaths":1,"stat.mineBlock.minecraft.stained_glass":5,"stat.drop":1,"stat.jump":178,"stat.playOneMinute":25016,"stat.fallOneCm":10161,"stat.useItem.minecraft.wooden_sword":10,"stat.climbOneCm":678,"stat.damageDealt":660,"stat.crouchOneCm":23446,"stat.mineBlock.minecraft.wool":75,"stat.useItem.minecraft.wool":37,"stat.killEntity.Zombie":4,"stat.timeSinceDeath":13632,"achievement.mineWood":27,"stat.useItem.minecraft.leaves":23,"stat.useItem.minecraft.cookie":1,"stat.sprintOneCm":42237,"stat.craftItem.minecraft.wooden_pickaxe":1,"achievement.exploreAllBiomes":{"value":0,"progress":["Jungle","Forest","Plains"]},"stat.useItem.minecraft.fence":1,"stat.craftItem.minecraft.stick":4}