{"stat.useItem.minecraft.lapis_ore":3,"stat.useItem.minecraft.bow":20,"stat.useItem.minecraft.quartz_block":11,"stat.useItem.minecraft.stone":2,"stat.useItem.minecraft.repeater":15,"stat.leaveGame":40,"stat.useItem.minecraft.soul_sand":2,"stat.useItem.minecraft.skull":7,"stat.useItem.minecraft.diamond_sword":10,"stat.useItem.minecraft.potion":44,"stat.useItem.minecraft.glowstone":22,"stat.useItem.minecraft.bedrock":35,"stat.jump":246,"stat.swimOneCm":319,"stat.useItem.minecraft.experience_bottle":1,"stat.useItem.minecraft.planks":14,"stat.climbOneCm":2941,"stat.crouchOneCm":9636,"stat.useItem.minecraft.coal_block":10,"stat.useItem.minecraft.redstone_torch":2,"stat.useItem.minecraft.obsidian":40,"stat.useItem.minecraft.dirt":4,"stat.useItem.minecraft.coal_ore":26,"achievement.exploreAllBiomes":{"value":0,"progress":["Jungle","Forest","River","Plains","Taiga","Desert","Extreme Hills","Extreme Hills Edge","Hell"]},"stat.useItem.minecraft.glass":1,"stat.useItem.minecraft.iron_ore":69,"stat.useItem.minecraft.reeds":32,"stat.useItem.minecraft.slime":4,"stat.useItem.minecraft.anvil":1,"stat.flyOneCm":1123803,"stat.useItem.minecraft.end_portal_frame":49,"stat.damageDealt":1040,"stat.useItem.minecraft.wool":86,"stat.timeSinceDeath":80357,"stat.killEntity.Cow":6,"stat.useItem.minecraft.sign":12,"stat.useItem.minecraft.crafting_table":1,"stat.useItem.minecraft.spawn_egg":16,"stat.useItem.minecraft.wooden_slab":21,"stat.killEntity.Pig":6,"stat.useItem.minecraft.command_block":48,"stat.walkOneCm":172671,"stat.useItem.minecraft.torch":1,"stat.animalsBred":2,"stat.useItem.minecraft.chest":18,"stat.useItem.minecraft.lever":3,"stat.useItem.minecraft.log":92,"stat.useItem.minecraft.oak_stairs":6,"stat.useItem.minecraft.comparator":12,"stat.useItem.minecraft.cobblestone":37,"stat.useItem.minecraft.tnt":13,"stat.useItem.minecraft.nether_wart":2,"stat.useItem.minecraft.redstone_block":26,"stat.useItem.minecraft.redstone":31,"stat.useItem.minecraft.item_frame":7,"stat.useItem.minecraft.written_book":4,"stat.useItem.minecraft.stained_hardened_clay":85,"stat.useItem.minecraft.leaves":7,"stat.sprintOneCm":86085,"stat.useItem.minecraft.stained_glass":19,"stat.useItem.minecraft.fence":57,"stat.useItem.minecraft.fireworks":18,"stat.useItem.minecraft.prismarine":4,"stat.useItem.minecraft.stone_slab":2,"achievement.openInventory":195,"stat.useItem.minecraft.iron_block":11,"stat.useItem.minecraft.ender_eye":45,"stat.useItem.minecraft.hopper":10,"stat.mobKills":13,"stat.useItem.minecraft.stonebrick":3,"stat.deaths":2,"stat.drop":7,"stat.useItem.minecraft.writable_book":2,"stat.playOneMinute":121566,"stat.killEntity.Sheep":1,"stat.useItem.minecraft.ladder":4,"stat.useItem.minecraft.diamond_ore":23,"stat.useItem.minecraft.web":4}