{"stat.useItem.minecraft.stone":2,"stat.leaveGame":1,"stat.craftItem.minecraft.cooked_porkchop":17,"stat.mineBlock.minecraft.cobblestone":18,"stat.mineBlock.minecraft.slime":1,"stat.entityKilledBy.Guardian":1,"stat.useItem.minecraft.potion":2,"stat.useItem.minecraft.rotten_flesh":26,"stat.jump":2914,"stat.swimOneCm":10969,"stat.useItem.minecraft.sand":9,"stat.fallOneCm":84297,"stat.climbOneCm":13712,"stat.useItem.minecraft.planks":27,"stat.mineBlock.minecraft.web":4,"achievement.buildWorkBench":2,"stat.craftItem.minecraft.bread":5,"stat.crouchOneCm":125673,"stat.useItem.minecraft.cookie":10,"achievement.exploreAllBiomes":{"value":0,"progress":["Jungle","Ocean","Plains"]},"stat.useItem.minecraft.cooked_chicken":2,"stat.craftItem.minecraft.furnace":2,"stat.entityKilledBy.Spider":1,"stat.useItem.minecraft.golden_rail":1,"stat.damageTaken":6216,"stat.craftItem.minecraft.stone_pickaxe":6,"stat.mineBlock.minecraft.torch":1,"stat.mineBlock.minecraft.furnace":1,"stat.craftItem.minecraft.cooked_beef":4,"stat.useItem.minecraft.furnace":3,"stat.useItem.minecraft.wooden_pickaxe":60,"stat.craftItem.minecraft.bow":1,"stat.killEntity.CaveSpider":2,"stat.craftItem.minecraft.stone_sword":2,"stat.flyOneCm":371602,"achievement.buildPickaxe":7,"stat.mineBlock.minecraft.sand":1,"stat.entityKilledBy.Zombie":1,"stat.useItem.minecraft.stone_pickaxe":142,"stat.useItem.minecraft.cooked_beef":3,"stat.useItem.minecraft.stone_sword":80,"stat.damageDealt":11124,"achievement.buildBetterPickaxe":7,"stat.useItem.minecraft.wool":158,"stat.mineBlock.minecraft.iron_ore":31,"stat.timeSinceDeath":590,"stat.useItem.minecraft.crafting_table":2,"stat.craftItem.minecraft.wooden_pickaxe":1,"stat.useItem.minecraft.iron_door":1,"stat.killEntity.Bat":1,"stat.walkOneCm":908035,"stat.useItem.minecraft.torch":18,"stat.useItem.minecraft.bread":5,"stat.mineBlock.minecraft.vine":1,"stat.useItem.minecraft.log":1,"stat.useItem.minecraft.cobblestone":114,"stat.useItem.minecraft.tnt":1,"stat.craftItem.minecraft.crafting_table":1,"stat.useItem.minecraft.gravel":1,"stat.useItem.minecraft.cooked_porkchop":15,"stat.mineBlock.minecraft.coal_ore":11,"stat.killEntity.Creeper":3,"stat.talkedToVillager":1,"stat.craftItem.minecraft.wheat":9,"stat.useItem.minecraft.item_frame":10,"stat.entityKilledBy.Skeleton":1,"stat.mineBlock.minecraft.wool":91,"achievement.buildSword":2,"achievement.mineWood":30,"stat.useItem.minecraft.stained_hardened_clay":4,"stat.mineBlock.minecraft.stained_hardened_clay":1,"stat.sprintOneCm":243296,"stat.entityKilledBy.Enderman":1,"stat.mineBlock.minecraft.iron_block":2,"stat.craftItem.minecraft.stick":28,"stat.craftItem.minecraft.wooden_axe":1,"stat.killEntity.Skeleton":7,"stat.mineBlock.minecraft.tnt":2,"achievement.openInventory":155,"stat.craftItem.minecraft.planks":36,"stat.useItem.minecraft.iron_sword":81,"stat.useItem.minecraft.wheat_seeds":1,"stat.killEntity.Spider":5,"stat.mineBlock.minecraft.crafting_table":1,"stat.useItem.minecraft.carrot":2,"stat.mobKills":42,"stat.mineBlock.minecraft.log":25,"stat.entityKilledBy.Creeper":1,"achievement.killEnemy":31,"stat.craftItem.minecraft.cooked_chicken":2,"achievement.buildFurnace":4,"stat.mineBlock.minecraft.planks":20,"stat.deaths":16,"stat.drop":9,"stat.playOneMinute":216484,"stat.useItem.minecraft.ladder":1,"stat.killEntity.Zombie":21,"stat.mineBlock.minecraft.hay_block":3,"stat.useItem.minecraft.wooden_axe":25,"stat.killEntity.Guardian":2,"stat.mineBlock.minecraft.jukebox":1,"stat.useItem.minecraft.jukebox":1,"stat.mineBlock.minecraft.stone":135,"stat.breakItem.minecraft.wooden_pickaxe":1}